#{"t_start": 1764645545.382674, "env_id": "Gym-Gridworlds/FourRooms-Original-13x13-v0"}
r,l,t
-0.307692,22,3.059846
0.414201,15,4.665063
0.573964,13,6.059082
0.83432,8,6.930797
0.940828,5,7.490242
